ID,sequence,treatment,aphLength,aphWidth,aphSize,propOnL,propOffL,propSOL,totalDisp,totalRotation,averageVelocity,Green,Blue,UV,R.pwm,G.pwm,B.pwm,U.pwm
1,3LEDid10,1,3.964544273,2.545137787,31.78269069,1,0,0.791713014,30.5296962,0.585218968,0.008424669,1.287694604,4.225297791,0.006236246,240,0,120,0
2,3LEDid10,1,3.527902076,2.352637392,26.10277153,1,0,1,8.660093883,0.199251264,0.002385442,1.287694604,4.225297791,0.006236246,240,0,120,0
3,3LEDid10,1,2.856106974,1.737324148,15.67374414,1,0,0.954671858,15.64690526,0.219029135,0.004316804,1.287694604,4.225297791,0.006236246,240,0,120,0
4,3LEDid10,1,2.961476502,1.96771025,18.27394901,0.945494994,0.054505006,0.745828699,27.65089796,0.441590001,0.008069738,1.287694604,4.225297791,0.006236246,240,0,120,0
5,3LEDid10,1,3.161003956,1.530680872,15.14643776,0.98192436,0.01807564,0.963570634,11.00092471,0.228757251,0.003082363,1.287694604,4.225297791,0.006236246,240,0,120,0
6,3LEDid10,1,3.024220932,1.528266603,14.72570899,1,0,0.81868743,38.44389972,0.382319919,0.010592932,1.287694604,4.225297791,0.006236246,240,0,120,0
7,3LEDid10,1,3.584570545,1.66569261,19.93698463,0.173248053,0.826751947,0.127919911,6.977648901,0.125499477,0.010649057,1.287694604,4.225297791,0.006236246,240,0,120,0
8,3LEDid10,1,3.348538859,2.107699071,22.32107216,1,0,0.772803115,40.39550253,0.458791087,0.011151192,1.287694604,4.225297791,0.006236246,240,0,120,0
9,3LEDid10,1,2.813879338,2.037757379,18.01390291,0,1,0,0,0,0,1.287694604,4.225297791,0.006236246,240,0,120,0
10,3LEDid10,1,3.03221459,1.674993535,15.94620062,0.990823137,0.009176863,0.97246941,8.758794912,0.184098173,0.002434953,1.287694604,4.225297791,0.006236246,240,0,120,0
11,3LEDid10,1,3.039709257,1.820576008,17.40775239,1,0,0.881535039,27.02392553,0.382371586,0.007441545,1.287694604,4.225297791,0.006236246,240,0,120,0
12,3LEDid10,1,2.804538727,1.887983218,16.62504352,1,0,0.981646274,7.174689969,0.307836408,0.00197602,1.287694604,4.225297791,0.006236246,240,0,120,0
13,3LEDid28,1,2.372532742,1.721925479,12.89179262,0.927060134,0.072939866,0.872772829,20.11009159,0.617941844,0.006026482,1.287694604,4.225297791,0.006236246,240,0,120,0
14,3LEDid28,1,2.660886318,1.678253043,15.44297922,0.009187082,0.990812918,0,2.34682315,0.038729537,0.035557927,1.287694604,4.225297791,0.006236246,240,0,120,0
15,3LEDid28,1,3.968195287,2.110264414,27.65588599,0.018374165,0.981625835,0,1.712511661,0.009246391,0.017298098,1.287694604,4.225297791,0.006236246,240,0,120,0
16,3LEDid28,1,1.982489151,1.264095154,7.872883209,0.018095768,0.981904232,0.018095768,0.180942738,0.01686507,0.001848576,1.287694604,4.225297791,0.006236246,240,0,120,0
17,3LEDid28,1,NA,NA,NA,0,1,0,0,0,0,1.287694604,4.225297791,0.006236246,240,0,120,0
18,3LEDid28,1,2.804726938,1.693670448,14.9217847,1,0,1,4.361405897,0.245962455,0.001202849,1.287694604,4.225297791,0.006236246,240,0,120,0
19,3LEDid28,1,2.201569608,1.387546551,9.68958595,0.981904232,0.018095768,0.900334076,14.12779,0.548552828,0.003971675,1.287694604,4.225297791,0.006236246,240,0,120,0
20,3LEDid28,1,2.478896295,1.625071264,12.9034902,0.027282851,0.972717149,0,9.162043359,0.053292975,0.069905161,1.287694604,4.225297791,0.006236246,240,0,120,0
21,3LEDid28,1,2.654193988,2.151114441,17.98357627,1,0,1,6.678201797,1.583327659,0.001842941,1.287694604,4.225297791,0.006236246,240,0,120,0
22,3LEDid17,10,3.299448215,1.948780564,37.05979273,0.736358575,0.263641425,0.618040089,22.45997664,0.219395957,0.00840747,3.053847377,2.375524417,0.005043871,120,127,60,0
23,3LEDid17,10,3.46263417,1.721050191,18.90691358,0.981625835,0.018374165,0.96325167,12.88126468,0.370958855,0.00362153,3.053847377,2.375524417,0.005043871,120,127,60,0
24,3LEDid17,10,2.657061066,1.397707601,11.6626011,0.92733853,0.07266147,0.727171492,21.5878658,0.310813373,0.006422531,3.053847377,2.375524417,0.005043871,120,127,60,0
25,3LEDid17,10,2.524567501,1.362528211,10.83500836,1,0,0.972717149,8.855139961,1.186506703,0.002445893,3.053847377,2.375524417,0.005043871,120,127,60,0
26,3LEDid17,10,3.429656493,2.19029819,23.7177809,1,0,0.981625835,14.56322395,0.780781547,0.004020562,3.053847377,2.375524417,0.005043871,120,127,60,0
27,3LEDid17,10,2.472732201,1.298716281,10.13482155,0.545378619,0.454621381,0.472717149,10.17154617,0.132450276,0.005104939,3.053847377,2.375524417,0.005043871,120,127,60,0
28,3LEDid17,10,3.463120829,2.356021141,25.94789676,1,0,0.991091314,14.26231052,0.406087495,0.003951024,3.053847377,2.375524417,0.005043871,120,127,60,0
29,3LEDid17,10,2.540881004,1.45166533,11.6479849,1,0,0.936525612,26.44308991,0.552738726,0.007322769,3.053847377,2.375524417,0.005043871,120,127,60,0
30,3LEDid17,10,2.766065767,1.500563016,13.19096287,1,0,0.900055679,23.1839224,0.590154042,0.006387287,3.053847377,2.375524417,0.005043871,120,127,60,0
31,3LEDid17,10,3.033973922,1.896962584,18.15779843,0.709075724,0.290924276,0.508351893,28.22060878,0.922729768,0.010929646,3.053847377,2.375524417,0.005043871,120,127,60,0
32,3LEDid17,10,2.287503296,1.556255594,11.19311616,1,0,0.990812918,8.760392942,0.519818489,0.00241483,3.053847377,2.375524417,0.005043871,120,127,60,0
33,3LEDid17,10,3.29536868,1.673719997,17.73161198,0.381681514,0.618318486,0.29064588,11.94643379,0.152232372,0.008498423,3.053847377,2.375524417,0.005043871,120,127,60,0
34,3LEDid36,10,2.973539111,1.379752618,12.84521485,0.790691193,0.209308807,0.772575251,4.913567188,0.287178209,0.001716285,3.053847377,2.375524417,0.005043871,120,127,60,0
35,3LEDid36,10,1.804690949,0.958611522,5.440806415,0.945373467,0.054626533,0.909141583,7.068137313,0.199122836,0.00207121,3.053847377,2.375524417,0.005043871,120,127,60,0
36,3LEDid36,10,2.770513486,1.902016017,16.64372927,1,0,0.963489409,5.99615575,0.152254434,0.001655786,3.053847377,2.375524417,0.005043871,120,127,60,0
37,3LEDid36,10,2.537030993,1.412103305,11.2427116,1,0,1,9.240709274,0.39066903,0.002549948,3.053847377,2.375524417,0.005043871,120,127,60,0
38,3LEDid36,10,2.748508564,1.514660616,13.04959154,1,0,0.963768116,10.09955777,0.232775597,0.002790272,3.053847377,2.375524417,0.005043871,120,127,60,0
39,3LEDid36,10,2.438547032,1.630275398,12.47727808,1,0,1,7.426378924,0.396803635,0.002053202,3.053847377,2.375524417,0.005043871,120,127,60,0
40,3LEDid36,10,2.250689466,1.240318681,8.765527776,0.981884058,0.018115942,0.964046823,9.91579466,0.60421869,0.00279322,3.053847377,2.375524417,0.005043871,120,127,60,0
41,3LEDid36,10,2.836683823,1.32707318,11.80667097,0.963210702,0.036789298,0.963210702,4.575673813,0.091735763,0.001310228,3.053847377,2.375524417,0.005043871,120,127,60,0
42,3LEDid36,10,1.899418691,1.038892216,6.195641084,0.981884058,0.018115942,0.972686734,6.804182747,0.930645123,0.001912681,3.053847377,2.375524417,0.005043871,120,127,60,0
43,3LEDid36,10,2.285466782,1.225221074,8.861173659,0.954570792,0.045429208,0.954570792,8.369353877,0.273808151,0.002421203,3.053847377,2.375524417,0.005043871,120,127,60,0
44,3LEDid36,10,2.753657024,1.364692665,11.7893638,1,0,0.990802676,6.508046629,0.113826988,0.00179803,3.053847377,2.375524417,0.005043871,120,127,60,0
45,3LEDid36,10,2.83237559,1.201583644,10.67992193,0.181716834,0.818283166,0.127090301,7.405740009,0.109913706,0.010808925,3.053847377,2.375524417,0.005043871,120,127,60,0
46,3LEDid11,11,3.129085518,1.676871228,16.25772723,0.036469933,0.963530067,0,10.5513614,0.068374376,0.064407226,3.280151745,2.758006,0.226647636,120,127,60,127
47,3LEDid11,11,3.256788165,2.095773053,21.36080155,1,0,0.945434298,13.24332184,0.465742808,0.003656725,3.280151745,2.758006,0.226647636,120,127,60,127
48,3LEDid11,11,2.785752023,1.428944787,12.50687781,0.963808463,0.036191537,0.772828508,27.94176911,0.537752873,0.007997728,3.280151745,2.758006,0.226647636,120,127,60,127
49,3LEDid11,11,2.308323834,1.245498868,9.017665488,1,0,0.872216036,13.6967102,0.282462481,0.003777421,3.280151745,2.758006,0.226647636,120,127,60,127
50,3LEDid11,11,3.131984719,1.762303525,17.36608657,0.918429844,0.081570156,0.845489978,22.30007326,0.912941879,0.006697229,3.280151745,2.758006,0.226647636,120,127,60,127
51,3LEDid11,11,3.791051984,2.005252553,23.84014096,0.118318486,0.881681514,0.027004454,8.771223779,0.177229673,0.019097322,3.280151745,2.758006,0.226647636,120,127,60,127
52,3LEDid11,11,2.716561856,1.503111733,12.81713561,1,0,0.981904232,9.225218294,0.342827898,0.002547896,3.280151745,2.758006,0.226647636,120,127,60,127
53,3LEDid11,11,1.882756138,1.050510159,6.508757751,0.018095768,0.981904232,0,2.542618273,0.008788676,0.025988175,3.280151745,2.758006,0.226647636,120,127,60,127
54,3LEDid11,11,2.472335036,1.055929583,8.180671287,0.981904232,0.018095768,0.954621381,11.74394411,0.328637161,0.003298954,3.280151745,2.758006,0.226647636,120,127,60,127
55,3LEDid11,11,2.742776879,1.299768187,11.20567114,0.091035635,0.908964365,0.009187082,20.36962899,0.082834027,0.05657262,3.280151745,2.758006,0.226647636,120,127,60,127
56,3LEDid11,11,2.17921215,1.040756457,7.129140693,0.92733853,0.07266147,0.78201559,26.8773889,0.41160268,0.007983362,3.280151745,2.758006,0.226647636,120,127,60,127
57,3LEDid34,11,2.079592669,1.109142438,7.240130787,1,0,0.981620718,8.212002827,0.447365918,0.002259318,3.280151745,2.758006,0.226647636,120,127,60,127
58,3LEDid34,11,2.37983599,1.349783313,10.06336127,0.981899192,0.018100808,0.927318296,10.57594537,0.338109583,0.002968518,3.280151745,2.758006,0.226647636,120,127,60,127
59,3LEDid34,11,2.270251139,1.213865874,8.651169246,0.736285157,0.263714843,0.663324979,12.45022404,0.559971612,0.004642955,3.280151745,2.758006,0.226647636,120,127,60,127
60,3LEDid34,11,2.416727974,1.504751413,11.41936336,0.863547758,0.136452242,0.717905876,22.59279422,0.67866832,0.007206083,3.280151745,2.758006,0.226647636,120,127,60,127
61,3LEDid34,11,2.072527815,1.190294992,7.795688167,1,0,0.863826232,14.59850029,0.572186009,0.004031914,3.280151745,2.758006,0.226647636,120,127,60,127
62,3LEDid34,11,1.838741622,1.05879155,6.088467937,0.009189641,0.990810359,0,1.444098724,0.037011445,0.021880284,3.280151745,2.758006,0.226647636,120,127,60,127
63,3LEDid34,11,2.663862336,1.27926026,10.72241553,0.318295739,0.681704261,0.263714843,6.065621555,0.07539394,0.005144997,3.280151745,2.758006,0.226647636,120,127,60,127
64,3LEDid34,11,2.176718247,1.170364449,8.765584003,0.072960178,0.927039822,0.009189641,5.937363483,0.088167311,0.020227813,3.280151745,2.758006,0.226647636,120,127,60,127
65,3LEDid34,11,2.220749472,1.107729267,7.913306902,0.336396547,0.663603453,0.263714843,21.10149756,0.237137011,0.017182541,3.280151745,2.758006,0.226647636,120,127,60,127
66,3LEDid34,11,2.351207203,1.155265757,8.54655558,1,0,1,7.270505292,0.194785672,0.002005502,3.280151745,2.758006,0.226647636,120,127,60,127
67,3LEDid34,11,2.160961136,1.242582379,8.418552185,0.972709552,0.027290448,0.918685603,11.07093033,0.903679562,0.003155769,3.280151745,2.758006,0.226647636,120,127,60,127
68,3LEDid29,12,2.940361777,1.51987496,14.01060905,0.863585746,0.136414254,0.390868597,59.62627762,0.608366143,0.019030201,3.508238037,3.143499248,0.449996312,120,127,60,255
69,3LEDid29,12,3.035439169,1.435240624,13.74734561,0.273106904,0.726893096,0.045935412,70.00491597,0.460508016,0.069095327,3.508238037,3.143499248,0.449996312,120,127,60,255
70,3LEDid29,12,2.605335901,1.12823512,9.335462457,0.045657016,0.954342984,0.009187082,8.12425493,0.109698604,0.041264413,3.508238037,3.143499248,0.449996312,120,127,60,255
71,3LEDid29,12,2.782107299,1.491741874,13.00324156,0.981904232,0.018095768,0.854120267,21.66988077,0.611550517,0.006078223,3.508238037,3.143499248,0.449996312,120,127,60,255
72,3LEDid29,12,2.876340604,1.687829339,15.27180975,0.900334076,0.099665924,0.554565702,53.38764783,0.713681651,0.016324936,3.508238037,3.143499248,0.449996312,120,127,60,255
73,3LEDid29,12,3.287099945,1.45594799,15.05902854,0.018374165,0.981625835,0,8.33472069,0.046618596,0.084189098,3.508238037,3.143499248,0.449996312,120,127,60,255
74,3LEDid29,12,3.340922639,1.752833108,18.3759951,0.972717149,0.027282851,0.672048998,43.89084569,0.91305361,0.012430478,3.508238037,3.143499248,0.449996312,120,127,60,255
75,3LEDid29,12,2.526400564,1.261512016,9.944048577,0.127505568,0.872494432,0.036191537,17.19946641,0.21775509,0.034891236,3.508238037,3.143499248,0.449996312,120,127,60,255
76,3LEDid29,12,2.559524306,1.481226694,11.88328395,0.85467706,0.14532294,0.681792873,27.45065655,0.822943766,0.008838147,3.508238037,3.143499248,0.449996312,120,127,60,255
77,3LEDid29,12,2.166456083,1.080565225,7.411223182,1,0,0.8905902,22.68271745,0.441486606,0.006244394,3.508238037,3.143499248,0.449996312,120,127,60,255
78,3LEDid29,12,2.795753564,1.322353448,11.61438751,0,1,0,0,0,0,3.508238037,3.143499248,0.449996312,120,127,60,255
79,3LEDid6,12,2.819378708,1.377089587,12.24461041,0.263919822,0.736080178,0.190701559,15.10247967,0.159685875,0.015312243,3.508238037,3.143499248,0.449996312,120,127,60,255
80,3LEDid6,12,2.422612445,1.327632971,10.10432113,1,0,0.981625835,8.071934499,0.399639734,0.002224138,3.508238037,3.143499248,0.449996312,120,127,60,255
81,3LEDid6,12,2.250593045,1.18244772,8.399034706,0.099944321,0.900055679,0.090757238,0.938649775,0.010685264,0.002375864,3.508238037,3.143499248,0.449996312,120,127,60,255
82,3LEDid6,12,3.143996538,1.855790627,18.21720106,1,0,0.890311804,23.67515563,1.403741947,0.006527178,3.508238037,3.143499248,0.449996312,120,127,60,255
83,3LEDid6,12,2.377897298,1.298744465,9.792282015,1,0,0.900055679,22.24066713,0.455583638,0.00613429,3.508238037,3.143499248,0.449996312,120,127,60,255
84,3LEDid6,12,2.565023239,1.473208212,11.86487642,0.372772829,0.627227171,0.300668151,9.903731041,0.270051489,0.007247158,3.508238037,3.143499248,0.449996312,120,127,60,255
85,3LEDid6,12,2.252413883,1.312669072,9.312880743,0.654510022,0.345489978,0.537026726,52.94451545,0.310117402,0.022306917,3.508238037,3.143499248,0.449996312,120,127,60,255
86,3LEDid6,12,2.929610417,1.359079353,12.61273097,0.409242762,0.590757238,0.263084633,26.18550308,0.244948338,0.017364408,3.508238037,3.143499248,0.449996312,120,127,60,255
87,3LEDid6,12,2.525803837,1.607297899,12.73130814,1,0,0.918151448,17.8521374,0.913486875,0.004924968,3.508238037,3.143499248,0.449996312,120,127,60,255
88,3LEDid6,12,NA,NA,NA,0,1,0,0,0,0,3.508238037,3.143499248,0.449996312,120,127,60,255
89,3LEDid6,12,2.099324028,1.130259605,7.435616996,1,0,0.936525612,12.47989488,0.32443837,0.003453103,3.508238037,3.143499248,0.449996312,120,127,60,255
90,3LEDid6,12,2.666681656,1.378705861,11.55284847,1,0,0.954342984,15.86802816,0.294031058,0.004377542,3.508238037,3.143499248,0.449996312,120,127,60,255
91,3LEDid3,13,3.522674721,2.239645675,24.77710058,1,0,0.927161523,19.75563713,0.513148485,0.005452902,6.126671132,4.753118719,0.010102906,240,255,120,0
92,3LEDid3,13,3.679131741,2.174233312,25.48168355,1,0,0.95440645,10.12900035,0.460654097,0.002788949,6.126671132,4.753118719,0.010102906,240,255,120,0
93,3LEDid3,13,1.875753039,1.080775655,6.812903556,0.818181818,0.181818182,0.772588268,7.786507253,0.602793133,0.00261311,6.126671132,4.753118719,0.010102906,240,255,120,0
94,3LEDid3,13,3.3836906,2.217192767,23.6410854,1,0,0.936891854,20.0094083,0.84938027,0.005518617,6.126671132,4.753118719,0.010102906,240,255,120,0
95,3LEDid3,13,1.958110085,1.006779226,6.213589835,0.981929386,0.018070614,0.981929386,7.186881099,0.162722584,0.002015534,6.126671132,4.753118719,0.010102906,240,255,120,0
96,3LEDid3,13,2.607170766,1.555552505,12.8406385,0.981651376,0.018348624,0.927439533,13.75291679,0.280248329,0.003859035,6.126671132,4.753118719,0.010102906,240,255,120,0
97,3LEDid3,13,3.21323052,1.769703571,17.87439208,0.600222408,0.399777592,0.600222408,7.778743988,0.149117945,0.003554651,6.126671132,4.753118719,0.010102906,240,255,120,0
98,3LEDid3,13,3.087275184,1.646430216,15.95510067,1,0,0.991103698,11.71523965,0.388089356,0.003229085,6.126671132,4.753118719,0.010102906,240,255,120,0
99,3LEDid3,13,2.350603411,1.490425146,11.02737794,0.981929386,0.018070614,0.981929386,10.19088167,0.35140002,0.002857564,6.126671132,4.753118719,0.010102906,240,255,120,0
100,3LEDid3,13,3.034671833,1.302978861,12.47355858,1,0,0.945788157,18.47142709,0.359976289,0.005104506,6.126671132,4.753118719,0.010102906,240,255,120,0
101,3LEDid35,13,2.232878874,1.308890231,9.322929331,1,0,0.981873954,14.95682856,0.236220248,0.004142496,6.126671132,4.753118719,0.010102906,240,255,120,0
102,3LEDid35,13,3.091915417,1.956564899,19.05758395,1,0,0.909369771,18.53599516,0.640749988,0.005126033,6.126671132,4.753118719,0.010102906,240,255,120,0
103,3LEDid35,13,2.474308456,1.492172979,11.62347773,0.981873954,0.018126046,0.927495817,9.879374931,0.548913565,0.002783465,6.126671132,4.753118719,0.010102906,240,255,120,0
104,3LEDid35,13,NA,NA,NA,0,1,0,0,0,0,6.126671132,4.753118719,0.010102906,240,255,120,0
105,3LEDid35,13,2.313875724,1.116169986,8.147878781,1,0,0.981873954,6.736357939,0.129793872,0.001862493,6.126671132,4.753118719,0.010102906,240,255,120,0
106,3LEDid35,13,2.325950185,1.348756517,9.832077103,1,0,0.982152817,10.10707887,0.446818153,0.002799992,6.126671132,4.753118719,0.010102906,240,255,120,0
107,3LEDid35,13,2.362170527,1.281776251,9.49915828,1,0,1,4.705162081,1.232300593,0.001301295,6.126671132,4.753118719,0.010102906,240,255,120,0
108,3LEDid35,13,2.189356988,1.25765872,8.657574252,1,0,0.927495817,13.89418154,0.794747554,0.003845331,6.126671132,4.753118719,0.010102906,240,255,120,0
109,3LEDid35,13,2.868878872,1.888546587,17.01819003,1,0,1,9.123126587,0.922405291,0.002523333,6.126671132,4.753118719,0.010102906,240,255,120,0
110,3LEDid15,14,3.105515335,2.022272696,19.90407072,0.463550362,0.536449638,0.326655537,16.22764001,0.363454085,0.009544016,6.3529755,5.135600302,0.231706671,240,255,120,127
111,3LEDid15,14,2.757194554,1.276147999,11.00343847,0.472732332,0.527267668,0.345854201,25.40603524,0.33112954,0.014698556,6.3529755,5.135600302,0.231706671,240,255,120,127
112,3LEDid15,14,2.791256351,1.7402484,15.303735,1,0,0.981914302,9.130549249,0.234091151,0.002518241,6.3529755,5.135600302,0.231706671,240,255,120,127
113,3LEDid15,14,2.618928042,1.703322476,14.1889602,0.109070673,0.890929327,0.081803005,4.52069915,0.115058377,0.010626006,6.3529755,5.135600302,0.231706671,240,255,120,127
114,3LEDid15,14,NA,NA,NA,0,1,0,0,0,0,6.3529755,5.135600302,0.231706671,240,255,120,127
115,3LEDid15,14,2.068318025,1.217127807,8.12127897,0.00918197,0.99081803,0.00918197,0.25691397,0.00438127,0.003892636,6.3529755,5.135600302,0.231706671,240,255,120,127
116,3LEDid15,14,2.644707326,1.351367879,11.22796584,0,1,0,0,0,0,6.3529755,5.135600302,0.231706671,240,255,120,127
117,3LEDid15,14,2.946178969,1.891323224,17.55959542,0.981914302,0.018085698,0.963828603,15.76998978,0.685050364,0.004427337,6.3529755,5.135600302,0.231706671,240,255,120,127
118,3LEDid15,14,2.728848372,1.865976731,15.99548133,0.127434613,0.872565387,0.081803005,5.94470507,0.183629427,0.012073943,6.3529755,5.135600302,0.231706671,240,255,120,127
119,3LEDid15,14,2.829181323,1.678113097,16.46790809,0.008903728,0.991096272,0,5.578125091,0.009572192,0.087158205,6.3529755,5.135600302,0.231706671,240,255,120,127
120,3LEDid33,14,1.876968262,1.270825031,7.635373396,0.100501114,0.899498886,0.03674833,7.529106981,0.092357771,0.019157456,6.3529755,5.135600302,0.231706671,240,255,120,127
121,3LEDid33,14,2.305366856,1.410776979,10.21647317,1,0,0.972995546,9.332699598,0.571111604,0.00257598,6.3529755,5.135600302,0.231706671,240,255,120,127
122,3LEDid33,14,2.440899285,1.402282074,10.75534498,0.463808463,0.536191537,0.409242762,11.86777313,0.19804136,0.006972315,6.3529755,5.135600302,0.231706671,240,255,120,127
123,3LEDid33,14,1.853874175,1.198918239,6.985878546,1,0,0.981625835,16.43512968,0.595178691,0.00450798,6.3529755,5.135600302,0.231706671,240,255,120,127
124,3LEDid33,14,2.775522216,1.925933959,16.83106898,1,0,0.945155902,15.90621121,0.752870695,0.004376996,6.3529755,5.135600302,0.231706671,240,255,120,127
125,3LEDid33,14,2.487757253,1.167293351,9.252038827,0.963530067,0.036469933,0.927060134,11.0809621,0.198812556,0.003167782,6.3529755,5.135600302,0.231706671,240,255,120,127
126,3LEDid33,14,2.881778011,1.744084243,15.78892757,0.018374165,0.981625835,0,3.386579059,0.015758436,0.034207869,6.3529755,5.135600302,0.231706671,240,255,120,127
127,3LEDid33,14,2.039260531,1.204885739,8.047004967,0.981625835,0.018374165,0.972438753,7.096306357,0.437014122,0.001989494,6.3529755,5.135600302,0.231706671,240,255,120,127
128,3LEDid33,14,2.412709791,1.473204801,11.18894215,1,0,0.981625835,14.0694286,1.14885325,0.003876711,6.3529755,5.135600302,0.231706671,240,255,120,127
129,3LEDid33,14,2.018243086,1.017226916,6.449724872,0,1,0,0,0,0,6.3529755,5.135600302,0.231706671,240,255,120,127
130,3LEDid13,15,2.725892961,1.78113809,18.16721503,0.045353367,0.954646633,0.036449638,0.807742646,0.021918607,0.00415911,6.581061792,5.521093551,0.455055346,240,255,120,255
131,3LEDid13,15,3.431954138,1.913878572,20.82459744,0.390929327,0.609070673,0.190873678,24.42115735,0.504241694,0.017007377,6.581061792,5.521093551,0.455055346,240,255,120,255
132,3LEDid13,15,2.557060222,1.493235228,11.9367672,1,0,0.963828603,13.54824825,0.540124142,0.003742063,6.581061792,5.521093551,0.455055346,240,255,120,255
133,3LEDid13,15,2.508668471,1.722532766,13.74511406,0.272676683,0.727323317,0.245687257,6.265856431,0.176531051,0.006195712,6.581061792,5.521093551,0.455055346,240,255,120,255
134,3LEDid13,15,2.358524763,1.551223651,11.55540078,0.445464663,0.554535337,0.382025598,10.88939684,0.28993992,0.00666633,6.581061792,5.521093551,0.455055346,240,255,120,255
135,3LEDid13,15,2.041711633,1.470998417,9.238743986,0.018085698,0.981914302,0,2.097207142,0.045979403,0.02145164,6.581061792,5.521093551,0.455055346,240,255,120,255
136,3LEDid13,15,1.969759328,1.146246177,7.133183982,0.808569839,0.191430161,0.64524207,25.29031555,0.887615516,0.008613091,6.581061792,5.521093551,0.455055346,240,255,120,255
137,3LEDid13,15,2.127434014,1.296017272,8.704424052,1,0,0.954368392,16.7577489,1.018650501,0.004621008,6.581061792,5.521093551,0.455055346,240,255,120,255
138,3LEDid13,15,2.878074106,1.831543968,16.66784994,0.981914302,0.018085698,0.973010573,14.83730091,0.938829217,0.004164088,6.581061792,5.521093551,0.455055346,240,255,120,255
139,3LEDid13,15,2.335228282,1.557617171,11.40814409,1,0,1,9.394051272,0.958518429,0.002593223,6.581061792,5.521093551,0.455055346,240,255,120,255
140,3LEDid25,15,3.278068237,1.872275413,19.53283364,1,0,0.972724743,17.39675886,0.452484775,0.004789657,6.581061792,5.521093551,0.455055346,240,255,120,255
141,3LEDid25,15,2.354470737,1.163528423,8.625232532,0.981909268,0.018090732,0.918452547,9.526348751,0.832258562,0.002675443,6.581061792,5.521093551,0.455055346,240,255,120,255
142,3LEDid25,15,2.235002959,1.354019281,10.00542471,0.008906207,0.991093793,0,2.157139365,0.042357829,0.033705303,6.581061792,5.521093551,0.455055346,240,255,120,255
143,3LEDid25,15,2.618117784,1.185256405,9.901828014,0.981909268,0.018090732,0.864180351,25.84683274,0.582607535,0.007257334,6.581061792,5.521093551,0.455055346,240,255,120,255
144,3LEDid25,15,2.668229938,1.471777046,12.48366391,1,0,1,7.678507837,0.754298949,0.002116761,6.581061792,5.521093551,0.455055346,240,255,120,255
145,3LEDid16,16,3.274864897,1.684564096,17.20873752,1,0,1,13.16608563,0.216843019,0.003633966,5.48282383,2.640469824,0.006984783,120,255,60,0
146,3LEDid16,16,2.242294596,1.173962375,8.284507544,0.981914302,0.018085698,0.981914302,9.68512739,0.208404278,0.002721427,5.48282383,2.640469824,0.006984783,120,255,60,0
147,3LEDid16,16,2.159362345,1.054580568,7.15285284,0.981914302,0.018085698,0.927378965,13.37334982,0.215405178,0.003755204,5.48282383,2.640469824,0.006984783,120,255,60,0
148,3LEDid16,16,3.112818539,1.85606481,18.12782951,1,0,1,6.256187574,0.211678681,0.001722713,5.48282383,2.640469824,0.006984783,120,255,60,0
149,3LEDid16,16,2.526334409,1.587450559,12.71504441,1,0,0.973010573,15.95247106,2.184709313,0.004400924,5.48282383,2.640469824,0.006984783,120,255,60,0
150,3LEDid16,16,3.119000895,1.414996817,13.86128708,1,0,0.927100723,10.82432656,0.190704077,0.002984069,5.48282383,2.640469824,0.006984783,120,255,60,0
151,3LEDid16,16,3.601912005,1.627680772,18.42267265,1,0,1,4.335356676,0.055834187,0.001197044,5.48282383,2.640469824,0.006984783,120,255,60,0
152,3LEDid16,16,3.465460609,2.235595366,24.34573175,1,0,0.945464663,17.3749291,0.383067438,0.004795015,5.48282383,2.640469824,0.006984783,120,255,60,0
153,3LEDid16,16,2.414330809,1.350353989,10.47853802,0.427100723,0.572899277,0.381747357,11.06819471,0.226725221,0.007070987,5.48282383,2.640469824,0.006984783,120,255,60,0
154,3LEDid16,16,3.583659629,2.044515152,22.86210792,0.963550362,0.036449638,0.954368392,8.481195924,0.291750973,0.002425741,5.48282383,2.640469824,0.006984783,120,255,60,0
155,3LEDid16,16,2.56348408,1.413962179,11.40124697,1,0,0.954368392,10.94522405,0.351900806,0.003018185,5.48282383,2.640469824,0.006984783,120,255,60,0
156,3LEDid22,16,2.297564136,1.357770911,9.873082441,0.981904232,0.018095768,0.981904232,11.7382375,0.794619233,0.003296778,5.48282383,2.640469824,0.006984783,120,255,60,0
157,3LEDid22,16,NA,NA,NA,0,1,0,0,0,0,5.48282383,2.640469824,0.006984783,120,255,60,0
158,3LEDid22,16,3.149986382,2.016167276,20.11957402,0.981625835,0.018374165,0.954621381,15.41810414,0.403347307,0.004337253,5.48282383,2.640469824,0.006984783,120,255,60,0
159,3LEDid22,16,2.453448005,1.16603689,8.997180299,1,0,1,6.698130492,0.633517242,0.001849053,5.48282383,2.640469824,0.006984783,120,255,60,0
160,3LEDid22,16,NA,NA,NA,0,1,0,0,0,0,5.48282383,2.640469824,0.006984783,120,255,60,0
161,3LEDid22,16,2.694431847,1.429805477,12.11667356,1,0,0.982182628,8.278636578,0.24033274,0.002292808,5.48282383,2.640469824,0.006984783,120,255,60,0
162,3LEDid22,16,1.209859294,0.928405589,3.578989829,0.945712695,0.054287305,0.945712695,6.242144812,1.125712409,0.001817455,5.48282383,2.640469824,0.006984783,120,255,60,0
163,3LEDid22,16,3.137421762,1.480233574,14.59469243,0.972717149,0.027282851,0.963530067,4.46425987,0.051592595,0.001263306,5.48282383,2.640469824,0.006984783,120,255,60,0
164,3LEDid22,16,2.322418105,1.642035541,13.60938733,0.045378619,0.954621381,0.027282851,2.023312712,0.061477207,0.010364383,5.48282383,2.640469824,0.006984783,120,255,60,0
165,3LEDid19,17,NA,NA,NA,0,1,0,0,0,0,5.709128198,3.022951406,0.228588548,120,255,60,127
166,3LEDid19,17,2.82573062,1.507528485,13.57109635,0.854601056,0.145398944,0.73589102,17.29118447,0.49285497,0.005560981,5.709128198,3.022951406,0.228588548,120,255,60,127
167,3LEDid19,17,3.294128263,1.650013987,17.24548534,0.981651376,0.018348624,0.799833194,29.38606858,0.797401445,0.008242821,5.709128198,3.022951406,0.228588548,120,255,60,127
168,3LEDid19,17,2.843213054,1.456226568,13.14127225,0.918265221,0.081734779,0.745343342,25.74133248,0.4342048,0.00770446,5.709128198,3.022951406,0.228588548,120,255,60,127
169,3LEDid19,17,3.043923975,1.632828507,15.68210174,1,0,0.981651376,16.06864891,1.234064277,0.00442138,5.709128198,3.022951406,0.228588548,120,255,60,127
170,3LEDid19,17,2.620047974,1.220374318,10.1446856,0.981929386,0.018070614,0.772588268,29.87995113,0.540930998,0.008381673,5.709128198,3.022951406,0.228588548,120,255,60,127
171,3LEDid19,17,2.294676118,1.027049613,7.426922912,0.936335835,0.063664165,0.909368919,6.269729019,0.55490744,0.001850354,5.709128198,3.022951406,0.228588548,120,255,60,127
172,3LEDid19,17,3.293615897,2.156989177,22.84791585,0.636085627,0.363914373,0.472894078,24.0978366,0.557207184,0.010387445,5.709128198,3.022951406,0.228588548,120,255,60,127
173,3LEDid19,17,2.331036889,1.507531888,12.38696511,0.063664165,0.936335835,0,6.447498554,0.091716099,0.024662333,5.709128198,3.022951406,0.228588548,120,255,60,127
174,3LEDid19,17,3.111511307,1.368331128,13.51920016,0.981651376,0.018348624,0.799833194,24.51512673,0.488665558,0.006876573,5.709128198,3.022951406,0.228588548,120,255,60,127
175,3LEDid19,17,2.73565606,1.232882544,10.60871413,0.881567973,0.118432027,0.845148735,14.1935957,0.518134037,0.004430091,5.709128198,3.022951406,0.228588548,120,255,60,127
176,3LEDid9,17,3.693824843,2.282061857,26.59690532,1,0,0.936856745,17.94138072,0.36630044,0.004956069,5.709128198,3.022951406,0.228588548,120,255,60,127
177,3LEDid9,17,2.227921671,1.428350349,9.997341692,0,1,0,0,0,0,5.709128198,3.022951406,0.228588548,120,255,60,127
178,3LEDid9,17,2.339403221,1.225230789,8.935622912,0.709040334,0.290959666,0.672600834,6.893136171,0.169965198,0.002669667,5.709128198,3.022951406,0.228588548,120,255,60,127
179,3LEDid9,17,NA,NA,NA,0,1,0,0,0,0,5.709128198,3.022951406,0.228588548,120,255,60,127
180,3LEDid9,17,3.47204602,2.242563664,24.42635976,0.981919332,0.018080668,0.973018081,9.155996224,0.308438553,0.002575609,5.709128198,3.022951406,0.228588548,120,255,60,127
181,3LEDid9,17,3.590429793,2.197810706,24.75111481,1,0,0.972739917,12.29383026,0.355297693,0.003384274,5.709128198,3.022951406,0.228588548,120,255,60,127
182,3LEDid9,17,2.18610569,1.310566392,9.044055924,0.981919332,0.018080668,0.954937413,12.72012924,0.448888087,0.003575914,5.709128198,3.022951406,0.228588548,120,255,60,127
183,3LEDid9,17,3.10472094,1.689550271,16.46509434,1,0,0.936022253,21.85816568,1.466435487,0.006022281,5.709128198,3.022951406,0.228588548,120,255,60,127
184,3LEDid9,17,2.908695415,1.812237534,16.5834881,1,0,0.981919332,9.946472685,0.318639508,0.002743155,5.709128198,3.022951406,0.228588548,120,255,60,127
185,3LEDid9,17,NA,NA,NA,0,1,0,0,0,0,5.709128198,3.022951406,0.228588548,120,255,60,127
186,3LEDid9,17,2.591698539,1.746957903,14.25119926,0.654242003,0.345757997,0.590820584,12.20458594,0.336826887,0.005121282,5.709128198,3.022951406,0.228588548,120,255,60,127
187,3LEDid9,17,3.715976644,1.899133108,22.15593376,1,0,0.836995828,22.9579158,0.779635358,0.00633364,5.709128198,3.022951406,0.228588548,120,255,60,127
188,3LEDid30,18,2.682230385,1.574329417,13.25596264,0.445464663,0.554535337,0.309126322,16.14611463,0.240670301,0.009882266,5.93721449,3.408444655,0.451937223,120,255,60,255
189,3LEDid30,18,2.205835063,1.239542616,8.769553633,0.98163606,0.01836394,0.855036171,17.51113525,0.824721121,0.004926535,5.93721449,3.408444655,0.451937223,120,255,60,255
190,3LEDid30,18,3.072709084,1.59125914,15.75424196,0.109070673,0.890929327,0.063717307,7.232873,0.073080626,0.017046237,5.93721449,3.408444655,0.451937223,120,255,60,255
191,3LEDid30,18,2.370973746,1.421157042,10.58567824,0,1,0,0,0,0,5.93721449,3.408444655,0.451937223,120,255,60,255
192,3LEDid30,18,1.793248519,1.140564621,6.427631928,0.791040623,0.208959377,0.754590985,8.309141452,0.207318401,0.002884556,5.93721449,3.408444655,0.451937223,120,255,60,255
193,3LEDid30,18,2.348590412,1.300601509,9.611277509,0.98163606,0.01836394,0.75375626,29.98797487,0.556213927,0.008416544,5.93721449,3.408444655,0.451937223,120,255,60,255
194,3LEDid30,18,2.692939527,1.558280763,13.21128293,0.527267668,0.472732332,0.472732332,10.41931017,0.216180133,0.00539895,5.93721449,3.408444655,0.451937223,120,255,60,255
195,3LEDid30,18,2.106313991,1.513872839,10.09260434,0.245965498,0.754034502,0.072621035,26.13068194,0.317157227,0.028480129,5.93721449,3.408444655,0.451937223,120,255,60,255
196,3LEDid30,18,1.993157591,1.082272653,6.792122895,0.954646633,0.045353367,0.835837507,29.73981031,0.513389879,0.008566866,5.93721449,3.408444655,0.451937223,120,255,60,255
197,3LEDid30,18,2.307730229,1.427272948,10.37307135,0.127156372,0.872843628,0.054535337,7.276852042,0.114351799,0.014886933,5.93721449,3.408444655,0.451937223,120,255,60,255
198,3LEDid5,18,2.079589129,1.24365983,8.26770983,0.981646274,0.018353726,0.936318131,14.74586884,0.52641804,0.004140229,5.93721449,3.408444655,0.451937223,120,255,60,255
199,3LEDid5,18,3.207505761,2.119144818,21.32992411,1,0,0.936318131,15.91901608,0.782047636,0.004386551,5.93721449,3.408444655,0.451937223,120,255,60,255
200,3LEDid5,18,2.300780654,1.300289622,9.315319921,0.290878754,0.709121246,0.254171301,5.687194028,0.113249962,0.005253732,5.93721449,3.408444655,0.451937223,120,255,60,255
201,3LEDid5,18,2.815591135,1.559069401,13.73111934,0.054783092,0.945216908,0.027252503,4.147023715,0.049762066,0.017980962,5.93721449,3.408444655,0.451937223,120,255,60,255
202,3LEDid5,18,3.00605472,1.872757661,17.77813233,0.308954394,0.691045606,0.172135706,20.28386142,0.311725472,0.017720171,5.93721449,3.408444655,0.451937223,120,255,60,255
203,3LEDid5,18,2.447776706,1.485761116,11.46697951,1,0,0.991101224,13.30456956,1.275755936,0.003675156,5.93721449,3.408444655,0.451937223,120,255,60,255
204,3LEDid5,18,2.355027634,1.445652582,10.73262147,1,0,0.972747497,11.04555217,1.134196487,0.003039127,5.93721449,3.408444655,0.451937223,120,255,60,255
205,3LEDid5,18,2.564782946,1.360235069,10.95699511,0.582035595,0.417964405,0.436596218,24.1697952,0.437998063,0.011372549,5.93721449,3.408444655,0.451937223,120,255,60,255
206,3LEDid5,18,2.364037931,1.742291815,12.90188058,1,0,1,6.639443275,0.325984596,0.001831272,5.93721449,3.408444655,0.451937223,120,255,60,255
207,3LEDid5,18,2.924854877,1.813249745,16.69665607,0.118464961,0.881535039,0.063681869,6.015431307,0.092962082,0.013084452,5.93721449,3.408444655,0.451937223,120,255,60,255
208,3LEDid5,18,2.722304378,1.500627668,12.82568706,0.981646274,0.018353726,0.944938821,11.6601303,0.428851936,0.003268649,5.93721449,3.408444655,0.451937223,120,255,60,255
209,3LEDid5,18,2.779762916,1.802022018,15.72602902,1,0,0.937152392,13.90380108,0.620889639,0.003837737,5.93721449,3.408444655,0.451937223,120,255,60,255
210,3LEDid37,19,2.808807456,1.51280705,13.27604487,1,0,0.972423398,28.87594686,0.522581205,0.00791834,5.387204547,1.966626959,0.227029486,60,255,30,127
211,3LEDid37,19,3.10065515,1.512602658,14.83330212,0.72729805,0.27270195,0.691086351,10.5406318,0.28200943,0.003986433,5.387204547,1.966626959,0.227029486,60,255,30,127
212,3LEDid37,19,2.744272963,1.491819725,12.8579536,1,0,0.818662953,34.37751546,0.53930606,0.009539734,5.387204547,1.966626959,0.227029486,60,255,30,127
213,3LEDid37,19,2.986816608,1.620505139,15.18574923,1,0,0.936768802,10.31988709,0.237796033,0.002855789,5.387204547,1.966626959,0.227029486,60,255,30,127
214,3LEDid37,19,2.833504246,1.530580871,13.62117532,0.88189415,0.11810585,0.708913649,22.36412526,0.420208278,0.006987453,5.387204547,1.966626959,0.227029486,60,255,30,127
215,3LEDid37,19,2.559759402,1.477609738,12.19848433,0.936490251,0.063509749,0.854874652,17.84218124,0.304279519,0.005263964,5.387204547,1.966626959,0.227029486,60,255,30,127
216,3LEDid37,19,2.604671722,1.404054185,11.45943976,1,0,0.891086351,18.8384636,0.563204972,0.005203535,5.387204547,1.966626959,0.227029486,60,255,30,127
217,3LEDid41,19,2.15310819,1.314257193,8.996683768,1,0,0.972732332,11.03102759,0.317653347,0.003038828,5.387204547,1.966626959,0.227029486,60,255,30,127
218,3LEDid41,19,2.442688396,1.511495118,11.54943518,0.136338342,0.863661658,0.072899277,7.058174359,0.096429672,0.013510333,5.387204547,1.966626959,0.227029486,60,255,30,127
219,3LEDid41,19,2.395421241,1.264044063,9.50374024,0.027267668,0.972732332,0,2.649699665,0.019982855,0.020258656,5.387204547,1.966626959,0.227029486,60,255,30,127
220,3LEDid41,19,2.782430588,1.537927653,13.41254962,1,0,0.99081803,8.859997276,0.341684575,0.002443313,5.387204547,1.966626959,0.227029486,60,255,30,127
221,3LEDid32,2,2.20838803,1.476003695,10.23226008,1,0,0.990820584,12.99698915,0.713870595,0.003584382,1.513998972,4.607779374,0.22784001,240,0,120,127
222,3LEDid32,2,3.190708678,1.78894306,17.66810751,0.027260083,0.972739917,0,8.034703617,0.044473951,0.061233662,1.513998972,4.607779374,0.22784001,240,0,120,127
223,3LEDid32,2,2.834347028,1.690822504,15.20841756,0.063421419,0.936578581,0,13.09660603,0.159612183,0.050409132,1.513998972,4.607779374,0.22784001,240,0,120,127
224,3LEDid32,2,2.239738998,1.474061069,10.5812963,0.027260083,0.972739917,0,11.54500882,0.050734201,0.088218851,1.513998972,4.607779374,0.22784001,240,0,120,127
225,3LEDid32,2,NA,NA,NA,0,1,0,0,0,0,1.513998972,4.607779374,0.22784001,240,0,120,127
226,3LEDid32,2,2.434337095,1.62676037,12.6303638,0.945201669,0.054798331,0.79054242,43.92030134,0.797780767,0.012777584,1.513998972,4.607779374,0.22784001,240,0,120,127
227,3LEDid32,2,2.494561255,1.562549346,12.2404682,0.245340751,0.754659249,0.236161335,5.672705156,0.280796734,0.006203282,1.513998972,4.607779374,0.22784001,240,0,120,127
228,3LEDid32,2,2.949791577,1.966984862,18.35142476,0.927121001,0.072878999,0.709040334,32.40655861,1.271054735,0.00962898,1.513998972,4.607779374,0.22784001,240,0,120,127
229,3LEDid32,2,2.308898393,1.522517284,11.08437807,0.036439499,0.963560501,0,3.500971574,0.033668333,0.021322636,1.513998972,4.607779374,0.22784001,240,0,120,127
230,3LEDid32,2,2.402866919,1.322558624,9.984054379,0.690959666,0.309040334,0.481502086,31.47672974,0.419072269,0.012524209,1.513998972,4.607779374,0.22784001,240,0,120,127
231,3LEDid32,2,2.541314328,1.453728236,11.78880149,0.527399166,0.472600834,0.390820584,18.68547323,0.694429651,0.009676798,1.513998972,4.607779374,0.22784001,240,0,120,127
232,3LEDid4,2,2.605609348,1.42396724,11.67538127,0.763560501,0.236439499,0.699582754,14.98843929,0.85703234,0.005390553,1.513998972,4.607779374,0.22784001,240,0,120,127
233,3LEDid4,2,3.043354577,1.9996863,19.14322682,1,0,0.854798331,39.11858222,0.665331626,0.010816924,1.513998972,4.607779374,0.22784001,240,0,120,127
234,3LEDid4,2,3.08047307,2.072679895,20.19263784,1,0,0.954381085,30.09135041,1.087281923,0.008293103,1.513998972,4.607779374,0.22784001,240,0,120,127
235,3LEDid4,2,3.077186448,1.97739775,19.14151905,0.936300417,0.063699583,0.890681502,20.03250603,1.018636744,0.005897491,1.513998972,4.607779374,0.22784001,240,0,120,127
236,3LEDid4,2,2.774176284,1.688845233,14.76208183,0.981919332,0.018080668,0.80945758,132.9108774,0.736248599,0.037358613,1.513998972,4.607779374,0.22784001,240,0,120,127
237,3LEDid4,2,1.892173124,1.476825679,8.829998407,0.009179416,0.990820584,0.009179416,0.079223381,0.00127052,0.001200354,1.513998972,4.607779374,0.22784001,240,0,120,127
238,3LEDid4,2,3.196283105,1.973828177,20.10336457,1,0,0.872044506,95.1667044,0.388206818,0.026117749,1.513998972,4.607779374,0.22784001,240,0,120,127
239,3LEDid4,2,2.005423832,1.097049775,7.451027889,0.945479833,0.054520167,0.872600834,15.57919053,0.355594557,0.004530463,1.513998972,4.607779374,0.22784001,240,0,120,127
240,3LEDid4,2,3.677319261,2.327248009,27.0989974,0.799721836,0.200278164,0.645340751,22.73948739,0.755171203,0.007829072,1.513998972,4.607779374,0.22784001,240,0,120,127
241,3LEDid4,2,3.743078611,2.484375956,29.27728337,0.090959666,0.909040334,0.08178025,2.726264403,0.082511028,0.007577552,1.513998972,4.607779374,0.22784001,240,0,120,127
242,3LEDid38,20,2.677164132,1.483036763,12.47316845,0,1,0,0,0,0,5.61529084,2.352120208,0.450378162,60,255,30,255
243,3LEDid38,20,2.194084972,1.255232354,8.608371038,1,0,0.872980501,19.56040238,1.134971498,0.005398546,5.61529084,2.352120208,0.450378162,60,255,30,255
244,3LEDid38,20,2.314970492,1.169103712,8.491730869,1,0,0.900557103,16.76290359,0.324821252,0.004632716,5.61529084,2.352120208,0.450378162,60,255,30,255
245,3LEDid38,20,3.161714474,1.634800705,16.47634329,0.936211699,0.063788301,0.609192201,53.58874625,1.308979323,0.015837455,5.61529084,2.352120208,0.450378162,60,255,30,255
246,3LEDid38,20,2.660860286,1.368406997,11.47893477,1,0,0.88189415,23.74564686,0.665780588,0.006562237,5.61529084,2.352120208,0.450378162,60,255,30,255
247,3LEDid38,20,2.485629234,1.084274568,8.451437642,0.01810585,0.98189415,0,4.925615113,0.018599292,0.050373768,5.61529084,2.352120208,0.450378162,60,255,30,255
248,3LEDid38,20,2.75805561,1.443501622,12.55293303,0.936490251,0.063509749,0.735654596,34.89671758,0.378496088,0.010259426,5.61529084,2.352120208,0.450378162,60,255,30,255
249,3LEDid38,20,1.674721303,0.871658515,5.028403776,0.07270195,0.92729805,0.009192201,14.61189183,0.186586983,0.049765395,5.61529084,2.352120208,0.450378162,60,255,30,255
250,3LEDid38,20,3.692616785,2.172093946,25.26174556,0.036490251,0.963509749,0,8.311211685,0.074429383,0.050767471,5.61529084,2.352120208,0.450378162,60,255,30,255
251,3LEDid38,20,2.642073256,1.266481036,10.46976505,0.97270195,0.02729805,0.87270195,17.94771968,0.905605301,0.005086527,5.61529084,2.352120208,0.450378162,60,255,30,255
252,3LEDid38,20,4.015069323,2.459829372,31.05638252,0.1454039,0.8545961,0.11810585,5.201311269,0.128583558,0.009358055,5.61529084,2.352120208,0.450378162,60,255,30,255
253,3LEDid40,20,4.140401753,2.176722483,28.33122783,1,0,0.945494994,11.22155619,0.377932293,0.003095559,5.61529084,2.352120208,0.450378162,60,255,30,255
254,3LEDid40,20,2.590088596,1.411937899,11.46356548,0.972747497,0.027252503,0.954393771,9.943947877,0.197527519,0.00281257,5.61529084,2.352120208,0.450378162,60,255,30,255
255,3LEDid40,20,2.681490301,1.194196202,10.10110624,1,0,0.899888765,20.0171458,0.594044272,0.005514267,5.61529084,2.352120208,0.450378162,60,255,30,255
256,3LEDid40,20,2.964066673,1.342640176,12.52644223,0.581757508,0.418242492,0.417964405,20.7565166,0.411068044,0.009765351,5.61529084,2.352120208,0.450378162,60,255,30,255
257,3LEDid40,20,3.377333008,1.690939363,17.91930131,0.100111235,0.899888765,0.027252503,17.77312528,0.169031211,0.045164712,5.61529084,2.352120208,0.450378162,60,255,30,255
258,3LEDid40,20,2.449946792,1.327651375,10.22537619,1,0,0.864015573,20.27773433,0.43322796,0.005598252,5.61529084,2.352120208,0.450378162,60,255,30,255
259,3LEDid40,20,3.103829936,1.50643888,14.79496332,0.67269188,0.32730812,0.427419355,37.44738521,0.471412295,0.015280805,5.61529084,2.352120208,0.450378162,60,255,30,255
260,3LEDid40,20,2.966224043,2.085975274,20.0474001,0.072858732,0.927141268,0.036429366,6.006258206,0.092699041,0.020299133,5.61529084,2.352120208,0.450378162,60,255,30,255
261,3LEDid39,21,2.40054321,1.4408867,10.88524017,0.98192436,0.01807564,0.909065628,13.7739298,0.460048299,0.003865123,5.124869262,1.352503867,0.074702496,40,255,20,40
262,3LEDid39,21,1.99407653,1.113199572,6.967529479,0.027252503,0.972747497,0,5.273319852,0.064154829,0.040254424,5.124869262,1.352503867,0.074702496,40,255,20,40
263,3LEDid39,21,2.94228237,1.574230015,14.58938337,0.926863181,0.073136819,0.862903226,12.52377922,0.465582069,0.003718201,5.124869262,1.352503867,0.074702496,40,255,20,40
264,3LEDid39,21,NA,NA,NA,0,1,0,0,0,0,5.124869262,1.352503867,0.074702496,40,255,20,40
265,3LEDid39,21,2.396128908,1.26813748,9.554952558,1,0,0.926863181,14.82669961,0.632293927,0.004082177,5.124869262,1.352503867,0.074702496,40,255,20,40
266,3LEDid39,21,2.295164351,1.401501958,10.12257672,1,0,0.936318131,11.85497003,0.309202909,0.003264977,5.124869262,1.352503867,0.074702496,40,255,20,40
267,3LEDid39,21,2.81698724,2.144881268,18.95971389,1,0,0.954115684,12.0266807,0.898592263,0.003305057,5.124869262,1.352503867,0.074702496,40,255,20,40
268,3LEDid42,21,2.367629633,1.146619859,8.57688313,1,0,0.991098748,6.711650595,0.172768766,0.001852916,5.124869262,1.352503867,0.074702496,40,255,20,40
269,3LEDid42,21,2.649623742,1.242921281,10.33347855,1,0,0.981641168,5.561431963,0.103503678,0.001531397,5.124869262,1.352503867,0.074702496,40,255,20,40
270,3LEDid42,21,2.698431271,1.675577317,14.21520066,0.972739917,0.027260083,0.972739917,9.3149953,0.370261262,0.002640301,5.124869262,1.352503867,0.074702496,40,255,20,40
271,3LEDid42,21,2.67753987,1.313590205,11.05348845,1,0,0.990820584,7.899757817,0.124955056,0.002176275,5.124869262,1.352503867,0.074702496,40,255,20,40
272,3LEDid42,21,2.833503295,1.625131371,14.44425216,0.845340751,0.154659249,0.782197497,11.91516572,0.220348668,0.00388366,5.124869262,1.352503867,0.074702496,40,255,20,40
273,3LEDid42,21,2.622694164,1.525809844,12.65512807,1,0,0.963838665,11.36903228,0.654080841,0.003133263,5.124869262,1.352503867,0.074702496,40,255,20,40
274,3LEDid14,3,2.415716678,1.71598918,13.23449945,0.145479833,0.854520167,0.027260083,13.05151719,0.176206048,0.023449509,1.742085264,4.993272623,0.451188686,240,0,120,255
275,3LEDid14,3,3.540766867,2.180380225,24.31505608,0.209179416,0.790820584,0.154659249,6.904939924,0.095946332,0.008797711,1.742085264,4.993272623,0.451188686,240,0,120,255
276,3LEDid14,3,3.220882342,2.016248913,20.38701122,1,0,0.972739917,9.300339098,0.236389369,0.002563001,1.742085264,4.993272623,0.451188686,240,0,120,255
277,3LEDid14,3,3.315306707,2.194930587,22.78520885,0.981919332,0.018080668,0.827538248,26.99925331,0.732198849,0.007570723,1.742085264,4.993272623,0.451188686,240,0,120,255
278,3LEDid14,3,3.039635507,1.708576266,16.26581137,0.87232267,0.12767733,0.799443672,19.27389524,0.760438098,0.006077,1.742085264,4.993272623,0.451188686,240,0,120,255
279,3LEDid14,3,2.539162003,1.338793014,11.10267497,0.71821975,0.28178025,0.499582754,30.7709619,1.225508237,0.011768498,1.742085264,4.993272623,0.451188686,240,0,120,255
280,3LEDid14,3,2.775487893,1.812414869,16.67705458,0.009179416,0.990820584,0,5.604510134,0.014823846,0.08491682,1.742085264,4.993272623,0.451188686,240,0,120,255
281,3LEDid14,3,3.420052004,1.869493812,20.29947673,0.463699583,0.536300417,0.254520167,32.68449288,0.42672206,0.019239853,1.742085264,4.993272623,0.451188686,240,0,120,255
282,3LEDid14,3,3.741330065,2.264015806,26.93269726,0.254520167,0.745479833,0.227260083,7.095590439,0.124255337,0.007474243,1.742085264,4.993272623,0.451188686,240,0,120,255
283,3LEDid14,3,3.345411824,2.009283758,21.353114,0.009179416,0.990820584,0,0.581397194,0.02208503,0.008809048,1.742085264,4.993272623,0.451188686,240,0,120,255
284,3LEDid14,3,1.782206654,1.153615059,6.459053029,0,1,0,0,0,0,1.742085264,4.993272623,0.451188686,240,0,120,255
285,3LEDid24,3,2.690163834,1.356058028,11.47601707,1,0,0.981919332,17.48245531,0.216738208,0.004869748,1.742085264,4.993272623,0.451188686,240,0,120,255
286,3LEDid24,3,3.069756959,1.541750109,14.8829266,0.917941586,0.082058414,0.863421419,15.58412128,0.18155368,0.004699106,1.742085264,4.993272623,0.451188686,240,0,120,255
287,3LEDid24,3,2.870303826,1.447475552,13.08654495,0.981919332,0.018080668,0.836995828,22.87803081,0.596089458,0.006437587,1.742085264,4.993272623,0.451188686,240,0,120,255
288,3LEDid24,3,3.821028856,2.476145962,29.68672083,0.136300417,0.863699583,0.054520167,11.49127767,0.205148647,0.022031709,1.742085264,4.993272623,0.451188686,240,0,120,255
289,3LEDid24,3,2.819665636,1.747461311,15.54583182,0.945479833,0.054520167,0.927121001,16.61056496,0.528279066,0.004819396,1.742085264,4.993272623,0.451188686,240,0,120,255
290,3LEDid24,3,2.811559763,1.684181442,15.53717391,0.054520167,0.945479833,0,21.35087677,0.091823967,0.093390052,1.742085264,4.993272623,0.451188686,240,0,120,255
291,3LEDid24,3,2.498215857,1.327536009,10.59234775,1,0,0.745201669,31.95146612,0.816320657,0.008812959,1.742085264,4.993272623,0.451188686,240,0,120,255
292,3LEDid24,3,2.586522309,1.577238523,13.09599815,0.981919332,0.018080668,0.845618915,116.5600282,1.304005254,0.032663174,1.742085264,4.993272623,0.451188686,240,0,120,255
293,3LEDid12,4,NA,NA,NA,0,1,0,0,0,0,0.643847302,2.112648896,0.003118123,120,0,60,0
294,3LEDid12,4,3.75745316,2.142363287,25.33917427,1,0,0.954520089,42.6302408,0.242042714,0.011812343,0.643847302,2.112648896,0.003118123,120,0,60,0
295,3LEDid12,4,4.009692324,2.445148698,30.60946091,1,0,0.972935268,17.44816666,0.888055952,0.004820077,0.643847302,2.112648896,0.003118123,120,0,60,0
296,3LEDid12,4,4.711784412,2.797184425,41.35712433,1,0,1,7.788807217,0.140940245,0.002152159,0.643847302,2.112648896,0.003118123,120,0,60,0
297,3LEDid12,4,2.876093282,1.768374973,18.68585449,0.836216518,0.163783482,0.564453125,37.21766783,0.772169788,0.012293836,0.643847302,2.112648896,0.003118123,120,0,60,0
298,3LEDid12,4,NA,NA,NA,0,1,0,0,0,0,0.643847302,2.112648896,0.003118123,120,0,60,0
299,3LEDid12,4,3.540962547,2.115465249,23.67191673,0.609095982,0.390904018,0.563616071,13.25233638,0.291536906,0.005987926,0.643847302,2.112648896,0.003118123,120,0,60,0
300,3LEDid12,4,3.006855414,2.083995006,19.82522877,0.254743304,0.745256696,0.191127232,10.49372927,0.50923343,0.011073204,0.643847302,2.112648896,0.003118123,120,0,60,0
301,3LEDid12,4,3.384085212,1.188259907,12.75852638,1,0,0.845424107,26.18342145,0.211868643,0.007234262,0.643847302,2.112648896,0.003118123,120,0,60,0
302,3LEDid12,4,NA,NA,NA,0,1,0,0,0,0,0.643847302,2.112648896,0.003118123,120,0,60,0
303,3LEDid31,4,3.048248384,1.760986983,16.88858768,0.027305656,0.972694344,0,7.204606075,0.048174486,0.05507432,0.643847302,2.112648896,0.003118123,120,0,60,0
304,3LEDid31,4,3.359641782,1.969444001,22.39393631,0.809139036,0.190860964,0.627194205,35.37903144,0.304627506,0.012019964,0.643847302,2.112648896,0.003118123,120,0,60,0
305,3LEDid31,4,2.210282475,1.043515993,7.243242943,1,0,0.963778211,9.441138178,0.417467625,0.002603859,0.643847302,2.112648896,0.003118123,120,0,60,0
306,3LEDid31,4,2.429344648,1.46376908,11.17038281,0.981889106,0.018110894,0.981889106,3.184366799,0.118061065,0.000894018,0.643847302,2.112648896,0.003118123,120,0,60,0
307,3LEDid31,4,3.271018223,2.295446158,23.68898188,1,0,0.799944274,35.47874816,0.713938791,0.009795337,0.643847302,2.112648896,0.003118123,120,0,60,0
308,3LEDid31,4,3.284513717,2.353547342,24.35853683,1,0,0.918083031,19.01412176,0.619695209,0.005254376,0.643847302,2.112648896,0.003118123,120,0,60,0
309,3LEDid31,4,2.209665535,1.406145901,9.75286207,0.981889106,0.018110894,0.981889106,5.625165049,0.206850372,0.001582864,0.643847302,2.112648896,0.003118123,120,0,60,0
310,3LEDid31,4,2.904219671,1.755101031,16.14992729,0.954583449,0.045416551,0.909166899,13.10267483,0.341877103,0.003776569,0.643847302,2.112648896,0.003118123,120,0,60,0
311,3LEDid31,4,2.894282815,1.817026936,16.49675561,0.981889106,0.018110894,0.981889106,4.162370234,0.142012342,0.001172352,0.643847302,2.112648896,0.003118123,120,0,60,0
312,3LEDid31,4,2.622504041,1.571193615,12.91250138,1,0,0.87294511,20.72464605,0.54656081,0.005730077,0.643847302,2.112648896,0.003118123,120,0,60,0
313,3LEDid31,4,3.426363986,1.647202415,17.62404208,0.072722207,0.927277793,0.009194762,10.3088198,0.162351188,0.035085568,0.643847302,2.112648896,0.003118123,120,0,60,0
314,3LEDid31,4,2.561950588,1.493393708,12.01800089,1,0,0.972415715,6.124343337,0.184131513,0.001686264,0.643847302,2.112648896,0.003118123,120,0,60,0
315,3LEDid2,5,2.258090768,1.051531365,7.825985685,0.400167084,0.599832916,0.245335561,27.38536908,0.240786873,0.01865661,0.87015167,2.495130479,0.224721887,120,0,60,127
316,3LEDid2,5,3.568815692,2.341195216,26.24893096,0,1,0,0,0,0,0.87015167,2.495130479,0.224721887,120,0,60,127
317,3LEDid2,5,2.309142148,1.290036788,9.358422244,0,1,0,0,0,0,0.87015167,2.495130479,0.224721887,120,0,60,127
318,3LEDid2,5,3.953175718,2.976269494,37.6612116,1,0,0.881370092,30.07821733,1.049339067,0.008280477,0.87015167,2.495130479,0.224721887,120,0,60,127
319,3LEDid2,5,2.490421394,1.50924753,11.83524576,0.60011139,0.39988861,0.491506544,19.01663716,0.505718994,0.008701681,0.87015167,2.495130479,0.224721887,120,0,60,127
320,3LEDid2,5,4.331170153,3.202601638,148.5594792,0.036201615,0.963798385,0.009189641,4.740249103,0.045670714,0.029300041,0.87015167,2.495130479,0.224721887,120,0,60,127
321,3LEDid2,5,3.123221885,1.446709598,14.29198368,0.054859371,0.945140629,0.009189641,9.71062574,0.087111561,0.042174713,0.87015167,2.495130479,0.224721887,120,0,60,127
322,3LEDid2,5,3.234388775,1.927226924,19.54501033,0.563909774,0.436090226,0.436090226,23.00584222,0.429210889,0.011137663,0.87015167,2.495130479,0.224721887,120,0,60,127
323,3LEDid2,5,3.230701372,1.818042419,18.45796906,1,0,0.945419103,12.07861082,0.458894318,0.003329726,0.87015167,2.495130479,0.224721887,120,0,60,127
324,3LEDid2,5,2.507865698,1.234684108,9.746849129,0.936229463,0.063770537,0.690615427,28.76338183,0.47948294,0.008472266,0.87015167,2.495130479,0.224721887,120,0,60,127
325,3LEDid2,5,NA,NA,NA,0,1,0,0,0,0,0.87015167,2.495130479,0.224721887,120,0,60,127
326,3LEDid20,5,1.774899402,0.992967341,5.563360146,0.963519911,0.036480089,0.936507937,21.72048683,0.638689988,0.006239917,0.87015167,2.495130479,0.224721887,120,0,60,127
327,3LEDid20,5,2.887330306,1.368138037,12.40756343,1,0,0.754942913,46.24227139,0.411253984,0.012781154,0.87015167,2.495130479,0.224721887,120,0,60,127
328,3LEDid20,5,3.133279346,1.651028929,16.23298073,0.945697577,0.054302423,0.754385965,27.46512562,0.441480289,0.008016936,0.87015167,2.495130479,0.224721887,120,0,60,127
329,3LEDid20,5,2.133855833,1.057166112,7.116557315,0.863547758,0.136452242,0.764132554,14.54915591,0.287315531,0.004653787,0.87015167,2.495130479,0.224721887,120,0,60,127
330,3LEDid20,5,2.621205529,1.333482705,10.96115169,0.981899192,0.018100808,0.818434976,47.26722946,0.361241232,0.013250568,0.87015167,2.495130479,0.224721887,120,0,60,127
331,3LEDid20,5,2.516650967,1.3577865,10.70984144,0.690893901,0.309106099,0.645224172,11.41387677,0.391135963,0.004540071,0.87015167,2.495130479,0.224721887,120,0,60,127
332,3LEDid20,5,2.330859251,1.16707857,8.541269851,0.372598162,0.627401838,0.318295739,10.18085398,0.076759797,0.00742817,0.87015167,2.495130479,0.224721887,120,0,60,127
333,3LEDid20,5,3.169378563,1.690109039,16.86444002,0.954608744,0.045391256,0.945419103,11.40869707,0.432060029,0.003293254,0.87015167,2.495130479,0.224721887,120,0,60,127
334,3LEDid20,5,2.447135183,1.430646755,10.98090943,1,0,0.963798385,10.16859089,0.665396891,0.002805793,0.87015167,2.495130479,0.224721887,120,0,60,127
335,3LEDid20,5,2.964123982,1.622215375,15.08490619,0.690893901,0.309106099,0.527429685,19.96161464,0.404046069,0.007949137,0.87015167,2.495130479,0.224721887,120,0,60,127
336,3LEDid20,5,2.182265926,1.164606517,7.96923413,0.991088833,0.008911167,0.982177666,8.101592976,0.570840429,0.002257844,0.87015167,2.495130479,0.224721887,120,0,60,127
337,3LEDid18,6,2.375150216,1.424547862,10.65618882,1,0,0.918549512,32.85942246,1.203661952,0.009150249,1.098237962,2.880623727,0.448070563,120,0,60,255
338,3LEDid18,6,2.634521748,1.569751286,12.90981083,1,0,0.991073919,6.870186988,1.124509277,0.001900522,1.098237962,2.880623727,0.448070563,120,0,60,255
339,3LEDid18,6,2.795398845,1.421871621,12.30364368,0.027336123,0.972663877,0,4.18736824,0.012699717,0.032016882,1.098237962,2.880623727,0.448070563,120,0,60,255
340,3LEDid18,6,2.474116093,1.361429404,10.54447159,0.990794979,0.009205021,0.981868898,9.745823003,0.246123389,0.002724413,1.098237962,2.880623727,0.448070563,120,0,60,255
341,3LEDid18,6,3.032328514,1.871163309,17.90750747,0.572384937,0.427615063,0.454951185,17.26134643,0.427702573,0.008297956,1.098237962,2.880623727,0.448070563,120,0,60,255
342,3LEDid18,6,2.536594226,1.249246499,9.974551966,0.472803347,0.527196653,0.454672245,4.910844175,0.06417533,0.002833833,1.098237962,2.880623727,0.448070563,120,0,60,255
343,3LEDid18,6,2.594063979,1.539760722,12.54826821,0,1,0,0,0,0,1.098237962,2.880623727,0.448070563,120,0,60,255
344,3LEDid18,6,NA,NA,NA,0,1,0,0,0,0,1.098237962,2.880623727,0.448070563,120,0,60,255
345,3LEDid18,6,2.352026548,1.248363782,9.375529478,0.045467225,0.954532775,0.036541144,1.483216701,0.048122594,0.007602422,1.098237962,2.880623727,0.448070563,120,0,60,255
346,3LEDid18,6,2.387924964,1.75725434,13.22463487,0.372663877,0.627336123,0.345327755,5.80807308,0.488616891,0.004244835,1.098237962,2.880623727,0.448070563,120,0,60,255
347,3LEDid18,6,3.437878951,1.80354698,19.48551241,0.163737796,0.836262204,0.082008368,9.17718814,0.103465748,0.014821532,1.098237962,2.880623727,0.448070563,120,0,60,255
348,3LEDid23,6,2.810815358,1.840066411,16.2806928,0.981909268,0.018090732,0.908711383,17.0908915,0.577751581,0.004795811,1.098237962,2.880623727,0.448070563,120,0,60,255
349,3LEDid23,6,2.911708958,1.646821551,15.26520577,0.500139159,0.499860841,0.308934038,29.78960605,0.362017486,0.01626956,1.098237962,2.880623727,0.448070563,120,0,60,255
350,3LEDid23,6,3.114376008,1.711407377,16.81612298,0.981909268,0.018090732,0.691344281,47.88532558,1.15882196,0.013455108,1.098237962,2.880623727,0.448070563,120,0,60,255
351,3LEDid23,6,2.737288032,1.943803299,17.07410978,0.827720568,0.172279432,0.755079321,19.60346098,1.11617856,0.006526898,1.098237962,2.880623727,0.448070563,120,0,60,255
352,3LEDid23,6,2.458589889,1.597810121,12.44167388,0.390759811,0.609240189,0.254661842,22.06413102,0.669284419,0.015400625,1.098237962,2.880623727,0.448070563,120,0,60,255
353,3LEDid23,6,1.903393662,1.250855335,7.480744883,0,1,0,0,0,0,1.098237962,2.880623727,0.448070563,120,0,60,255
354,3LEDid23,6,3.082317672,1.82473365,17.81697304,1,0,0.8458113,31.7200536,0.568453403,0.008759208,1.098237962,2.880623727,0.448070563,120,0,60,255
355,3LEDid23,6,3.297820571,2.18922934,22.72774396,0.190926802,0.809073198,0.072641247,13.62883135,0.26724485,0.018986177,1.098237962,2.880623727,0.448070563,120,0,60,255
356,3LEDid23,6,3.023826173,1.70078605,16.46179452,1,0,0.809073198,30.5844434,0.944329746,0.008441704,1.098237962,2.880623727,0.448070563,120,0,60,255
357,3LEDid23,6,3.173473701,1.59169193,15.85636846,0.091010298,0.908989702,0.009184525,15.42122053,0.126150826,0.042958971,1.098237962,2.880623727,0.448070563,120,0,60,255
358,3LEDid1,7,3.82925824,2.389385231,29.1013682,1,0,0.872600834,19.61427656,0.567446247,0.005402526,3.697694678,4.488173312,0.008161994,240,127,120,0
359,3LEDid1,7,3.089803529,1.63976167,15.96145994,1,0,0.954937413,15.95444182,0.451395179,0.004402517,3.697694678,4.488173312,0.008161994,240,127,120,0
360,3LEDid1,7,2.570021161,1.231982973,9.962184109,0.854242003,0.145757997,0.826981919,12.0686386,0.266345276,0.003895415,3.697694678,4.488173312,0.008161994,240,127,120,0
361,3LEDid1,7,2.997872097,1.377676729,13.03533603,0.500139082,0.499860918,0.436995828,11.53895252,0.21538529,0.006324671,3.697694678,4.488173312,0.008161994,240,127,120,0
362,3LEDid1,7,3.192018767,2.307114338,23.19438535,0.936578581,0.063421419,0.872878999,16.76380284,0.671275472,0.004929639,3.697694678,4.488173312,0.008161994,240,127,120,0
363,3LEDid1,7,3.451205696,1.767890557,19.63580449,0.254520167,0.745479833,0.209179416,7.557565975,0.211789279,0.007995082,3.697694678,4.488173312,0.008161994,240,127,120,0
364,3LEDid1,7,2.335574412,1.220096315,9.133530132,0.945201669,0.054798331,0.745757997,30.14352151,0.628205197,0.00878977,3.697694678,4.488173312,0.008161994,240,127,120,0
365,3LEDid1,7,3.117834572,1.468769411,14.39330068,0.854520167,0.145479833,0.6,30.9488599,0.688912134,0.009971991,3.697694678,4.488173312,0.008161994,240,127,120,0
366,3LEDid1,7,3.425667761,2.050676072,22.18809455,0.863699583,0.136300417,0.663421419,28.25209947,0.530336203,0.009010908,3.697694678,4.488173312,0.008161994,240,127,120,0
367,3LEDid1,7,3.245668679,1.822600153,18.45932179,1,0,0.982197497,13.1207623,0.544624672,0.003625568,3.697694678,4.488173312,0.008161994,240,127,120,0
368,3LEDid26,7,2.213578644,1.395717261,9.825499208,1,0,0.99081803,7.585902467,0.29464679,0.002089873,3.697694678,4.488173312,0.008161994,240,127,120,0
369,3LEDid26,7,2.231638939,1.307661488,9.365555591,0.98163606,0.01836394,0.98163606,3.960120119,1.115904984,0.001113813,3.697694678,4.488173312,0.008161994,240,127,120,0
370,3LEDid26,7,2.83891168,1.480597504,13.50017383,1,0,0.963828603,13.56070537,0.876325142,0.003745083,3.697694678,4.488173312,0.008161994,240,127,120,0
371,3LEDid26,7,2.569204067,1.682289586,14.29575272,0.927378965,0.072621035,0.863661658,16.81999211,0.674733174,0.004984354,3.697694678,4.488173312,0.008161994,240,127,120,0
372,3LEDid26,7,2.954292999,1.337358581,12.7546901,0.436282693,0.563717307,0.399833055,10.58336464,0.158935434,0.006626712,3.697694678,4.488173312,0.008161994,240,127,120,0
373,3LEDid26,7,3.492503389,2.223283344,24.56646772,1,0,0.98163606,7.306227289,1.386082389,0.002010954,3.697694678,4.488173312,0.008161994,240,127,120,0
374,3LEDid26,7,3.069894719,1.467910147,14.18700596,0.98163606,0.01836394,0.936004452,7.539860864,0.113468917,0.002114291,3.697694678,4.488173312,0.008161994,240,127,120,0
375,3LEDid26,7,3.256371158,1.99753729,20.61578716,0.390929327,0.609070673,0.381747357,6.463123431,0.18766263,0.004485901,3.697694678,4.488173312,0.008161994,240,127,120,0
376,3LEDid26,7,3.165878562,1.910303377,21.6036351,0.618252643,0.381747357,0.48163606,42.2516098,0.392011284,0.018708954,3.697694678,4.488173312,0.008161994,240,127,120,0
377,3LEDid21,8,2.778061867,1.468460373,13.04717431,0.210806271,0.789193729,0.091825308,26.50528288,0.216772445,0.033839696,3.923999047,4.870654895,0.229765759,240,127,120,127
378,3LEDid21,8,2.973847023,2.138560514,20.42435132,0.881019037,0.118980963,0.84406495,10.71211854,0.817187025,0.003361864,3.923999047,4.870654895,0.229765759,240,127,120,127
379,3LEDid21,8,3.390395157,2.380034139,25.47735043,0.852743561,0.147256439,0.706047032,29.85572164,0.885074886,0.009691021,3.923999047,4.870654895,0.229765759,240,127,120,127
380,3LEDid21,8,3.60727782,1.856623952,21.10653825,1,0,0.898656215,23.14981834,0.668811372,0.006416895,3.923999047,4.870654895,0.229765759,240,127,120,127
381,3LEDid21,8,2.285675003,1.526363005,10.96111735,0.128219485,0.871780515,0.091545353,5.359643054,0.150239918,0.010967402,3.923999047,4.870654895,0.229765759,240,127,120,127
382,3LEDid21,8,3.041945813,1.671331407,16.42613278,0.311870101,0.688129899,0.220604703,18.70788237,0.194606846,0.016310589,3.923999047,4.870654895,0.229765759,240,127,120,127
383,3LEDid21,8,2.738982993,1.699261767,14.83665642,0.073348264,0.926651736,0.064109742,2.382862443,0.19115458,0.008059461,3.923999047,4.870654895,0.229765759,240,127,120,127
384,3LEDid21,8,3.128065163,2.164084281,21.52676242,0.917413214,0.082586786,0.917413214,11.42449352,0.548516111,0.003448976,3.923999047,4.870654895,0.229765759,240,127,120,127
385,3LEDid8,8,2.184689739,1.23639171,8.623413128,0.318497914,0.681502086,0.263977747,7.79958092,0.373920498,0.006623752,3.923999047,4.870654895,0.229765759,240,127,120,127
386,3LEDid8,8,2.833952118,1.84516866,16.55731771,1,0,0.936300417,16.11237472,1.550516899,0.004444608,3.923999047,4.870654895,0.229765759,240,127,120,127
387,3LEDid8,8,2.111035816,1.325833801,8.770077451,0.581641168,0.418358832,0.49123783,15.38073362,0.373557955,0.007270856,3.923999047,4.870654895,0.229765759,240,127,120,127
388,3LEDid8,8,2.38139981,1.69054547,12.6278658,0.945479833,0.054520167,0.900139082,14.28088879,1.13724632,0.004167709,3.923999047,4.870654895,0.229765759,240,127,120,127
389,3LEDid8,8,2.521242565,1.559577752,12.48799562,0.963560501,0.036439499,0.900417246,19.96611494,0.649986742,0.005712835,3.923999047,4.870654895,0.229765759,240,127,120,127
390,3LEDid8,8,2.481323078,1.527576396,12.33416147,0.809179416,0.190820584,0.618080668,22.93944136,0.62650575,0.007798728,3.923999047,4.870654895,0.229765759,240,127,120,127
391,3LEDid8,8,3.176100866,1.957401035,19.61945613,0.500417246,0.499582754,0.381641168,23.96192389,0.546777619,0.013034996,3.923999047,4.870654895,0.229765759,240,127,120,127
392,3LEDid8,8,3.839922058,2.722212011,33.00726153,1,0,0.981919332,15.20943048,0.880462987,0.00418787,3.923999047,4.870654895,0.229765759,240,127,120,127
393,3LEDid8,8,2.356569532,1.480681832,10.98031054,1,0,0.990820584,8.343580519,1.013866899,0.002300636,3.923999047,4.870654895,0.229765759,240,127,120,127
394,3LEDid8,8,3.232392883,1.802331191,23.0379174,0.163560501,0.836439499,0.063699583,27.94198358,0.114800268,0.044971158,3.923999047,4.870654895,0.229765759,240,127,120,127
395,3LEDid8,8,3.104462576,1.921162293,18.93637178,0.645340751,0.354659249,0.60945758,23.08472098,0.564934253,0.00985489,3.923999047,4.870654895,0.229765759,240,127,120,127
396,3LEDid8,8,3.06208896,1.465514321,14.1559521,0.381641168,0.618358832,0.263699583,15.19880525,0.29432566,0.010833401,3.923999047,4.870654895,0.229765759,240,127,120,127
397,3LEDid27,9,2.566363247,1.446346842,11.67579955,0.935736239,0.064263761,0.935736239,6.692989769,0.191241056,0.001977959,4.152085339,5.256148144,0.453114435,240,127,120,255
398,3LEDid27,9,2.292589177,1.368854895,9.914217068,0.954177144,0.045822856,0.825649623,23.70618715,0.480132613,0.006873061,4.152085339,5.256148144,0.453114435,240,127,120,255
399,3LEDid27,9,2.351608848,1.279236534,9.476302636,0.898854429,0.101145571,0.734283319,23.39276319,0.503378961,0.007208454,4.152085339,5.256148144,0.453114435,240,127,120,255
400,3LEDid27,9,2.704349254,1.589921254,13.52276811,1,0,0.981559095,11.03078712,0.376593199,0.0030514,4.152085339,5.256148144,0.453114435,240,127,120,255
401,3LEDid27,9,3.210184793,2.143677084,21.69971036,0.110086616,0.889913384,0.054763901,10.36156533,0.106584752,0.024192768,4.152085339,5.256148144,0.453114435,240,127,120,255
402,3LEDid27,9,2.546714804,1.773941482,14.23233297,0.540933222,0.459066778,0.4124057,23.08787535,0.699586715,0.011709396,4.152085339,5.256148144,0.453114435,240,127,120,255
403,3LEDid27,9,2.334057816,1.38385071,10.24005984,0.137747974,0.862252026,0.036602403,13.69923132,0.21708268,0.026027547,4.152085339,5.256148144,0.453114435,240,127,120,255
404,3LEDid27,9,2.047536934,1.141123478,7.374416628,0.981000279,0.018999721,0.862252026,20.40305919,1.180932254,0.005763776,4.152085339,5.256148144,0.453114435,240,127,120,255
405,3LEDid27,9,2.276807033,1.420193789,10.16720097,1,0,0.981559095,8.725502359,0.614664946,0.002415029,4.152085339,5.256148144,0.453114435,240,127,120,255
406,3LEDid27,9,2.30443604,1.487550513,10.78159645,0.448728695,0.551271305,0.43028779,4.559337509,0.147787248,0.002780308,4.152085339,5.256148144,0.453114435,240,127,120,255
407,3LEDid27,9,2.931609591,1.83133224,16.85494223,0.064543168,0.935456832,0,11.97502638,0.091320154,0.045359948,4.152085339,5.256148144,0.453114435,240,127,120,255
408,3LEDid27,9,2.218105476,1.46320916,10.31902487,0.926515787,0.073484213,0.898854429,14.96680583,1.112387255,0.004462041,4.152085339,5.256148144,0.453114435,240,127,120,255
409,3LEDid7,9,3.347064219,2.462744523,26.01779311,0.845618915,0.154381085,0.80945758,15.78350964,1.09135653,0.00514687,4.152085339,5.256148144,0.453114435,240,127,120,255
410,3LEDid7,9,2.728720385,1.586963482,13.59767923,0.054520167,0.945479833,0.027260083,2.495955533,0.036853981,0.010931965,4.152085339,5.256148144,0.453114435,240,127,120,255
411,3LEDid7,9,2.600598695,1.364771595,11.367513,0.981641168,0.018358832,0.909040334,16.53622193,0.489661111,0.00464514,4.152085339,5.256148144,0.453114435,240,127,120,255
412,3LEDid7,9,2.724044136,1.896470875,16.21538593,0.981641168,0.018358832,0.945201669,16.62489152,1.046933002,0.004669435,4.152085339,5.256148144,0.453114435,240,127,120,255
413,3LEDid7,9,3.156513849,2.730377518,27.08910156,0.963838665,0.036161335,0.963838665,5.817027777,1.161119394,0.001661904,4.152085339,5.256148144,0.453114435,240,127,120,255
414,3LEDid7,9,3.352273718,2.246911586,23.82749764,0.136300417,0.863699583,0.117941586,3.902316502,0.089260264,0.007444046,4.152085339,5.256148144,0.453114435,240,127,120,255
415,3LEDid7,9,1.913654468,1.409482134,8.574930578,0.963560501,0.036439499,0.881502086,44.2280325,0.933401734,0.01260269,4.152085339,5.256148144,0.453114435,240,127,120,255
416,3LEDid7,9,2.643157015,1.618864329,13.67954074,0.08178025,0.91821975,0.054520167,3.318566271,0.063249637,0.01014372,4.152085339,5.256148144,0.453114435,240,127,120,255
417,3LEDid7,9,2.496580316,1.637922843,12.90289151,0.981641168,0.018358832,0.927121001,14.82630309,1.018273526,0.004163313,4.152085339,5.256148144,0.453114435,240,127,120,255
418,3LEDid7,9,2.23036627,1.602815741,11.23441039,0.972739917,0.027260083,0.954381085,8.134241401,0.982877595,0.002299766,4.152085339,5.256148144,0.453114435,240,127,120,255
419,3LEDid7,9,2.603325065,1.499894456,12.36929468,0.945201669,0.054798331,0.827260083,21.1451931,0.739883537,0.006166207,4.152085339,5.256148144,0.453114435,240,127,120,255
420,3LEDid7,9,2.346403065,1.702958139,12.67342492,0.008901252,0.991098748,0,1.037356008,0.024182628,0.016208688,4.152085339,5.256148144,0.453114435,240,127,120,255
